{"cameraMode":{"drawMode":2,"name":"Shaded Wireframe","section":"Shading Mode"},"sceneLighting":true,"audioPlay":false,"sceneViewState":{"showFog":true,"showMaterialUpdate":false,"showSkybox":true,"showFlares":true,"showImageEffects":true,"showParticleSystems":true},"in2DMode":false,"pivot":{"x":848.6956176757813,"y":1261.8017578125,"z":1675.2352294921875},"rotation":{"x":0.33896541595458987,"y":-0.07052172720432282,"z":0.025432294234633447,"w":0.9378652572631836},"size":106.67329406738281,"orthographic":false}