{"cameraMode":{"drawMode":2,"name":"Shaded Wireframe","section":"Shading Mode"},"sceneLighting":true,"audioPlay":false,"sceneViewState":{"showFog":true,"showMaterialUpdate":false,"showSkybox":true,"showFlares":true,"showImageEffects":true,"showParticleSystems":true},"in2DMode":false,"pivot":{"x":630.3659057617188,"y":367.06072998046877,"z":-49.86851501464844},"rotation":{"x":0.32858729362487795,"y":-0.008496834896504879,"z":0.0029631105717271568,"w":0.9444645643234253},"size":152.21963500976563,"orthographic":false}