{"cameraMode":{"drawMode":2,"name":"Shaded Wireframe","section":"Shading Mode"},"sceneLighting":true,"audioPlay":false,"sceneViewState":{"showFog":true,"showMaterialUpdate":false,"showSkybox":true,"showFlares":true,"showImageEffects":true,"showParticleSystems":true},"in2DMode":false,"pivot":{"x":674.57958984375,"y":493.19891357421877,"z":1410.5892333984375},"rotation":{"x":0.34491151571273806,"y":0.06914704293012619,"z":-0.025591788813471795,"w":0.935816764831543},"size":12.992915153503418,"orthographic":false}