{"cameraMode":{"drawMode":2,"name":"Shaded Wireframe","section":"Shading Mode"},"sceneLighting":true,"audioPlay":false,"sceneViewState":{"showFog":true,"showMaterialUpdate":false,"showSkybox":true,"showFlares":true,"showImageEffects":true,"showParticleSystems":true},"in2DMode":false,"pivot":{"x":557.8218994140625,"y":350.931884765625,"z":-372.0167236328125},"rotation":{"x":0.08720104396343231,"y":0.0029854029417037966,"z":-0.00026353506837040186,"w":0.9962121248245239},"size":23.027984619140626,"orthographic":false}