{"cameraMode":{"drawMode":2,"name":"Shaded Wireframe","section":"Shading Mode"},"sceneLighting":true,"audioPlay":false,"sceneViewState":{"showFog":true,"showMaterialUpdate":false,"showSkybox":true,"showFlares":true,"showImageEffects":true,"showParticleSystems":true},"in2DMode":false,"pivot":{"x":374.3144836425781,"y":450.5024719238281,"z":-5.929605960845947},"rotation":{"x":0.3037477731704712,"y":-0.11113956570625305,"z":0.0357101708650589,"w":0.9456067085266113},"size":3.6077747344970705,"orthographic":false}