{"cameraMode":{"drawMode":2,"name":"Shaded Wireframe","section":"Shading Mode"},"sceneLighting":true,"audioPlay":false,"sceneViewState":{"showFog":true,"showMaterialUpdate":false,"showSkybox":true,"showFlares":true,"showImageEffects":true,"showParticleSystems":true},"in2DMode":false,"pivot":{"x":489.0209655761719,"y":280.4528503417969,"z":-114.2803955078125},"rotation":{"x":0.14224773645401,"y":0.03414558619260788,"z":-0.0048943632282316689,"w":0.9892677664756775},"size":229.7490692138672,"orthographic":false}