{"cameraMode":{"drawMode":2,"name":"Shaded Wireframe","section":"Shading Mode"},"sceneLighting":true,"audioPlay":false,"sceneViewState":{"showFog":true,"showMaterialUpdate":false,"showSkybox":true,"showFlares":true,"showImageEffects":true,"showParticleSystems":true},"in2DMode":false,"pivot":{"x":176.3431854248047,"y":417.4325256347656,"z":391.2079162597656},"rotation":{"x":0.2655971348285675,"y":0.0042825727723538879,"z":-0.0012986441142857075,"w":0.9641345143318176},"size":51.409114837646487,"orthographic":false}