{"cameraMode":{"drawMode":2,"name":"Shaded Wireframe","section":"Shading Mode"},"sceneLighting":true,"audioPlay":false,"sceneViewState":{"showFog":true,"showMaterialUpdate":false,"showSkybox":true,"showFlares":true,"showImageEffects":true,"showParticleSystems":true},"in2DMode":false,"pivot":{"x":651.311279296875,"y":291.822998046875,"z":13.655059814453125},"rotation":{"x":-0.008690622635185719,"y":0.005995239596813917,"z":0.00005181560482014902,"w":0.9999480843544006},"size":169.62185668945313,"orthographic":false}