{"cameraMode":{"drawMode":2,"name":"Shaded Wireframe","section":"Shading Mode"},"sceneLighting":true,"audioPlay":false,"sceneViewState":{"showFog":true,"showMaterialUpdate":false,"showSkybox":true,"showFlares":true,"showImageEffects":true,"showParticleSystems":true},"in2DMode":false,"pivot":{"x":1003.9163208007813,"y":381.3948974609375,"z":334.36077880859377},"rotation":{"x":0.12736451625823975,"y":0.5559598207473755,"z":-0.08693094551563263,"w":0.816860020160675},"size":46.35322952270508,"orthographic":false}