{"cameraMode":{"drawMode":2,"name":"Shaded Wireframe","section":"Shading Mode"},"sceneLighting":true,"audioPlay":false,"sceneViewState":{"showFog":true,"showMaterialUpdate":false,"showSkybox":true,"showFlares":true,"showImageEffects":true,"showParticleSystems":true},"in2DMode":false,"pivot":{"x":1020.2882690429688,"y":445.1021728515625,"z":836.6615600585938},"rotation":{"x":0.11220958828926087,"y":0.19224363565444947,"z":-0.022205933928489686,"w":0.9747437238693237},"size":23.060543060302736,"orthographic":false}