{"cameraMode":{"drawMode":2,"name":"Shaded Wireframe","section":"Shading Mode"},"sceneLighting":true,"audioPlay":false,"sceneViewState":{"showFog":true,"showMaterialUpdate":false,"showSkybox":true,"showFlares":true,"showImageEffects":true,"showParticleSystems":true},"in2DMode":false,"pivot":{"x":739.27197265625,"y":270.45452880859377,"z":63.83924865722656},"rotation":{"x":0.18306535482406617,"y":0.08540557324886322,"z":-0.015969932079315187,"w":0.9792628884315491},"size":82.21076202392578,"orthographic":false}