{"cameraMode":{"drawMode":2,"name":"Shaded Wireframe","section":"Shading Mode"},"sceneLighting":true,"audioPlay":false,"sceneViewState":{"showFog":true,"showMaterialUpdate":false,"showSkybox":true,"showFlares":true,"showImageEffects":true,"showParticleSystems":true},"in2DMode":false,"pivot":{"x":566.810791015625,"y":312.14483642578127,"z":75.82568359375},"rotation":{"x":0.22280706465244294,"y":0.27347129583358767,"z":-0.0652778148651123,"w":0.9334463477134705},"size":39.7616081237793,"orthographic":false}