{"cameraMode":{"drawMode":2,"name":"Shaded Wireframe","section":"Shading Mode"},"sceneLighting":true,"audioPlay":false,"sceneViewState":{"showFog":true,"showMaterialUpdate":false,"showSkybox":true,"showFlares":true,"showImageEffects":true,"showParticleSystems":true},"in2DMode":false,"pivot":{"x":401.9046630859375,"y":264.5541076660156,"z":1567.9180908203125},"rotation":{"x":0.04640650004148483,"y":0.12582436203956605,"z":-0.006029833108186722,"w":0.9910095930099487},"size":577.4725952148438,"orthographic":false}