{"cameraMode":{"drawMode":2,"name":"Shaded Wireframe","section":"Shading Mode"},"sceneLighting":true,"audioPlay":false,"sceneViewState":{"showFog":true,"showMaterialUpdate":false,"showSkybox":true,"showFlares":true,"showImageEffects":true,"showParticleSystems":true},"in2DMode":false,"pivot":{"x":763.4078369140625,"y":487.5739440917969,"z":311.35186767578127},"rotation":{"x":0.16514892876148225,"y":-0.11926399916410446,"z":0.0200485959649086,"w":0.9788984060287476},"size":376.1185607910156,"orthographic":false}