{"cameraMode":{"drawMode":2,"name":"Shaded Wireframe","section":"Shading Mode"},"sceneLighting":true,"audioPlay":false,"sceneViewState":{"showFog":true,"showMaterialUpdate":false,"showSkybox":true,"showFlares":true,"showImageEffects":true,"showParticleSystems":true},"in2DMode":false,"pivot":{"x":675.154052734375,"y":338.104736328125,"z":-234.78366088867188},"rotation":{"x":0.11844911426305771,"y":-0.03723248466849327,"z":0.0044374228455126289,"w":0.9922683238983154},"size":93.96856689453125,"orthographic":false}