{"cameraMode":{"drawMode":2,"name":"Shaded Wireframe","section":"Shading Mode"},"sceneLighting":true,"audioPlay":false,"sceneViewState":{"showFog":true,"showMaterialUpdate":false,"showSkybox":true,"showFlares":true,"showImageEffects":true,"showParticleSystems":true},"in2DMode":false,"pivot":{"x":733.778564453125,"y":287.194580078125,"z":85.64218139648438},"rotation":{"x":0.15381000936031342,"y":-0.06960515677928925,"z":0.01086056511849165,"w":0.985593318939209},"size":75.81558227539063,"orthographic":false}