{"cameraMode":{"drawMode":2,"name":"Shaded Wireframe","section":"Shading Mode"},"sceneLighting":true,"audioPlay":false,"sceneViewState":{"showFog":true,"showMaterialUpdate":false,"showSkybox":true,"showFlares":true,"showImageEffects":true,"showParticleSystems":true},"in2DMode":false,"pivot":{"x":598.3302001953125,"y":344.4833984375,"z":-239.00753784179688},"rotation":{"x":0.11844911426305771,"y":-0.03723248466849327,"z":0.0044374228455126289,"w":0.9922683238983154},"size":82.65930938720703,"orthographic":false}