{"cameraMode":{"drawMode":2,"name":"Shaded Wireframe","section":"Shading Mode"},"sceneLighting":true,"audioPlay":false,"sceneViewState":{"showFog":true,"showMaterialUpdate":false,"showSkybox":true,"showFlares":true,"showImageEffects":true,"showParticleSystems":true},"in2DMode":false,"pivot":{"x":243.23236083984376,"y":362.2982177734375,"z":593.7178955078125},"rotation":{"x":0.09655091166496277,"y":-0.6372025012969971,"z":0.08092013746500015,"w":0.760359525680542},"size":489.46435546875,"orthographic":false}