{"cameraMode":{"drawMode":2,"name":"Shaded Wireframe","section":"Shading Mode"},"sceneLighting":true,"audioPlay":false,"sceneViewState":{"showFog":true,"showMaterialUpdate":false,"showSkybox":true,"showFlares":true,"showImageEffects":true,"showParticleSystems":true},"in2DMode":false,"pivot":{"x":622.366455078125,"y":567.06640625,"z":-164.24957275390626},"rotation":{"x":0.18375730514526368,"y":0.0073668272234499458,"z":-0.0013847430236637593,"w":0.9829612970352173},"size":224.0233917236328,"orthographic":false}