{"cameraMode":{"drawMode":2,"name":"Shaded Wireframe","section":"Shading Mode"},"sceneLighting":true,"audioPlay":false,"sceneViewState":{"showFog":true,"showMaterialUpdate":false,"showSkybox":true,"showFlares":true,"showImageEffects":true,"showParticleSystems":true},"in2DMode":false,"pivot":{"x":665.692626953125,"y":492.26763916015627,"z":-359.2414855957031},"rotation":{"x":0.07522184401750565,"y":0.022431669756770135,"z":-0.0016948097618296743,"w":0.9969392418861389},"size":41.69800567626953,"orthographic":false}