{"cameraMode":{"drawMode":2,"name":"Shaded Wireframe","section":"Shading Mode"},"sceneLighting":true,"audioPlay":false,"sceneViewState":{"showFog":true,"showMaterialUpdate":false,"showSkybox":true,"showFlares":true,"showImageEffects":true,"showParticleSystems":true},"in2DMode":false,"pivot":{"x":478.10272216796877,"y":96.2357177734375,"z":221.81591796875},"rotation":{"x":0.11555042117834091,"y":0.004464501515030861,"z":-0.0005211438983678818,"w":0.9932999610900879},"size":250.9000244140625,"orthographic":false}