{"cameraMode":{"drawMode":2,"name":"Shaded Wireframe","section":"Shading Mode"},"sceneLighting":true,"audioPlay":false,"sceneViewState":{"showFog":true,"showMaterialUpdate":false,"showSkybox":true,"showFlares":true,"showImageEffects":true,"showParticleSystems":true},"in2DMode":false,"pivot":{"x":515.71533203125,"y":433.71368408203127,"z":-261.46099853515627},"rotation":{"x":0.2391708940267563,"y":-0.0480470173060894,"z":0.011841539293527604,"w":0.9697328209877014},"size":112.01988220214844,"orthographic":false}