{"cameraMode":{"drawMode":2,"name":"Shaded Wireframe","section":"Shading Mode"},"sceneLighting":true,"audioPlay":false,"sceneViewState":{"showFog":true,"showMaterialUpdate":false,"showSkybox":true,"showFlares":true,"showImageEffects":true,"showParticleSystems":true},"in2DMode":false,"pivot":{"x":525.5833129882813,"y":298.1773681640625,"z":-109.40298461914063},"rotation":{"x":0.06175464391708374,"y":0.025450337678194047,"z":-0.0015617682365700603,"w":0.9978042244911194},"size":193.0965118408203,"orthographic":false}