{"cameraMode":{"drawMode":2,"name":"Shaded Wireframe","section":"Shading Mode"},"sceneLighting":true,"audioPlay":false,"sceneViewState":{"showFog":true,"showMaterialUpdate":false,"showSkybox":true,"showFlares":true,"showImageEffects":true,"showParticleSystems":true},"in2DMode":false,"pivot":{"x":613.3402709960938,"y":583.7001342773438,"z":6.414802551269531},"rotation":{"x":0.2751644551753998,"y":0.07514144480228424,"z":-0.021659059450030328,"w":0.9582831859588623},"size":26.258258819580079,"orthographic":false}