{"cameraMode":{"drawMode":2,"name":"Shaded Wireframe","section":"Shading Mode"},"sceneLighting":true,"audioPlay":false,"sceneViewState":{"showFog":true,"showMaterialUpdate":false,"showSkybox":true,"showFlares":true,"showImageEffects":true,"showParticleSystems":true},"in2DMode":false,"pivot":{"x":672.510498046875,"y":429.72760009765627,"z":424.5111083984375},"rotation":{"x":-0.044991400092840198,"y":-0.16347235441207887,"z":0.007509572897106409,"w":-0.9855682253837586},"size":23.220726013183595,"orthographic":false}