{"cameraMode":{"drawMode":2,"name":"Shaded Wireframe","section":"Shading Mode"},"sceneLighting":true,"audioPlay":false,"sceneViewState":{"showFog":true,"showMaterialUpdate":false,"showSkybox":true,"showFlares":true,"showImageEffects":true,"showParticleSystems":true},"in2DMode":false,"pivot":{"x":-301.62664794921877,"y":129.30026245117188,"z":213.53466796875},"rotation":{"x":0.1340945065021515,"y":-0.6246235370635986,"z":0.10998602956533432,"w":0.7614433765411377},"size":347.9319152832031,"orthographic":false}