{"cameraMode":{"drawMode":2,"name":"Shaded Wireframe","section":"Shading Mode"},"sceneLighting":true,"audioPlay":false,"sceneViewState":{"showFog":true,"showMaterialUpdate":false,"showSkybox":true,"showFlares":true,"showImageEffects":true,"showParticleSystems":true},"in2DMode":false,"pivot":{"x":824.8394775390625,"y":132.5567169189453,"z":-340.18408203125},"rotation":{"x":0.10355343669652939,"y":0.03728717565536499,"z":-0.0038863893132656814,"w":0.9939425587654114},"size":480.8763732910156,"orthographic":false}