{"cameraMode":{"drawMode":2,"name":"Shaded Wireframe","section":"Shading Mode"},"sceneLighting":true,"audioPlay":false,"sceneViewState":{"showFog":true,"showMaterialUpdate":false,"showSkybox":true,"showFlares":true,"showImageEffects":true,"showParticleSystems":true},"in2DMode":false,"pivot":{"x":512.53466796875,"y":401.4150695800781,"z":-509.84588623046877},"rotation":{"x":0.1569303721189499,"y":0.053261518478393558,"z":-0.008592442609369755,"w":0.9861943125724793},"size":46.06706619262695,"orthographic":false}