{"cameraMode":{"drawMode":2,"name":"Shaded Wireframe","section":"Shading Mode"},"sceneLighting":true,"audioPlay":false,"sceneViewState":{"showFog":true,"showMaterialUpdate":false,"showSkybox":true,"showFlares":true,"showImageEffects":true,"showParticleSystems":true},"in2DMode":false,"pivot":{"x":1162.441162109375,"y":35.6405029296875,"z":1807.21533203125},"rotation":{"x":-0.2160342037677765,"y":-0.5661094784736633,"z":0.15698175132274629,"w":-0.779952883720398},"size":986.2307739257813,"orthographic":false}