{"cameraMode":{"drawMode":2,"name":"Shaded Wireframe","section":"Shading Mode"},"sceneLighting":true,"audioPlay":false,"sceneViewState":{"showFog":true,"showMaterialUpdate":false,"showSkybox":true,"showFlares":true,"showImageEffects":true,"showParticleSystems":true},"in2DMode":false,"pivot":{"x":574.5438232421875,"y":226.3663330078125,"z":230.95166015625},"rotation":{"x":0.03929990530014038,"y":0.005992069840431213,"z":-0.00023204511671792716,"w":0.9992323517799377},"size":351.05657958984377,"orthographic":false}