{"cameraMode":{"drawMode":2,"name":"Shaded Wireframe","section":"Shading Mode"},"sceneLighting":true,"audioPlay":false,"sceneViewState":{"showFog":true,"showMaterialUpdate":false,"showSkybox":true,"showFlares":true,"showImageEffects":true,"showParticleSystems":true},"in2DMode":false,"pivot":{"x":607.9390869140625,"y":467.3511657714844,"z":-276.8283996582031},"rotation":{"x":0.209692120552063,"y":-0.07033498585224152,"z":0.015114604495465756,"w":0.9751458168029785},"size":5.3201494216918949,"orthographic":false}