{"cameraMode":{"drawMode":2,"name":"Shaded Wireframe","section":"Shading Mode"},"sceneLighting":true,"audioPlay":false,"sceneViewState":{"showFog":true,"showMaterialUpdate":false,"showSkybox":true,"showFlares":true,"showImageEffects":true,"showParticleSystems":true},"in2DMode":false,"pivot":{"x":550.4948120117188,"y":162.0989990234375,"z":867.9578857421875},"rotation":{"x":0.11844911426305771,"y":-0.03723248466849327,"z":0.0044374228455126289,"w":0.9922683238983154},"size":634.5150756835938,"orthographic":false}