{"cameraMode":{"drawMode":2,"name":"Shaded Wireframe","section":"Shading Mode"},"sceneLighting":true,"audioPlay":false,"sceneViewState":{"showFog":true,"showMaterialUpdate":false,"showSkybox":true,"showFlares":true,"showImageEffects":true,"showParticleSystems":true},"in2DMode":false,"pivot":{"x":536.0177001953125,"y":383.3518371582031,"z":590.9319458007813},"rotation":{"x":0.017459513619542123,"y":-0.16986651718616486,"z":-0.0028455781284719707,"w":-0.9853723049163818},"size":25.46531105041504,"orthographic":false}