{"cameraMode":{"drawMode":2,"name":"Shaded Wireframe","section":"Shading Mode"},"sceneLighting":true,"audioPlay":false,"sceneViewState":{"showFog":true,"showMaterialUpdate":false,"showSkybox":true,"showFlares":true,"showImageEffects":true,"showParticleSystems":true},"in2DMode":false,"pivot":{"x":410.467529296875,"y":436.6451110839844,"z":-168.0957489013672},"rotation":{"x":0.14330819249153138,"y":0.08303405344486237,"z":-0.012054390273988247,"w":0.9861451387405396},"size":4.879147529602051,"orthographic":false}