{"cameraMode":{"drawMode":2,"name":"Shaded Wireframe","section":"Shading Mode"},"sceneLighting":true,"audioPlay":false,"sceneViewState":{"showFog":true,"showMaterialUpdate":false,"showSkybox":true,"showFlares":true,"showImageEffects":true,"showParticleSystems":true},"in2DMode":false,"pivot":{"x":550.059814453125,"y":284.3828125,"z":-112.36880493164063},"rotation":{"x":0.06175464391708374,"y":0.025450337678194047,"z":-0.0015617682365700603,"w":0.9978042244911194},"size":188.6020965576172,"orthographic":false}