{"cameraMode":{"drawMode":2,"name":"Shaded Wireframe","section":"Shading Mode"},"sceneLighting":true,"audioPlay":false,"sceneViewState":{"showFog":true,"showMaterialUpdate":false,"showSkybox":true,"showFlares":true,"showImageEffects":true,"showParticleSystems":true},"in2DMode":false,"pivot":{"x":603.4589233398438,"y":304.0630798339844,"z":-202.83360290527345},"rotation":{"x":0.11554037779569626,"y":-0.01341371051967144,"z":0.0015601891791447998,"w":0.9932147264480591},"size":37.441871643066409,"orthographic":false}