{"cameraMode":{"drawMode":2,"name":"Shaded Wireframe","section":"Shading Mode"},"sceneLighting":true,"audioPlay":false,"sceneViewState":{"showFog":true,"showMaterialUpdate":false,"showSkybox":true,"showFlares":true,"showImageEffects":true,"showParticleSystems":true},"in2DMode":false,"pivot":{"x":513.5911254882813,"y":571.6502685546875,"z":-260.42950439453127},"rotation":{"x":0.2319963127374649,"y":0.26167890429496767,"z":-0.0649629756808281,"w":0.9346200823783875},"size":739.8726196289063,"orthographic":false}