{"cameraMode":{"drawMode":2,"name":"Shaded Wireframe","section":"Shading Mode"},"sceneLighting":true,"audioPlay":false,"sceneViewState":{"showFog":true,"showMaterialUpdate":false,"showSkybox":true,"showFlares":true,"showImageEffects":true,"showParticleSystems":true},"in2DMode":false,"pivot":{"x":574.5875244140625,"y":294.79913330078127,"z":14.524185180664063},"rotation":{"x":-0.008690622635185719,"y":0.005995239596813917,"z":0.00005181560482014902,"w":0.9999480843544006},"size":101.02147674560547,"orthographic":false}