{"cameraMode":{"drawMode":2,"name":"Shaded Wireframe","section":"Shading Mode"},"sceneLighting":true,"audioPlay":false,"sceneViewState":{"showFog":true,"showMaterialUpdate":false,"showSkybox":true,"showFlares":true,"showImageEffects":true,"showParticleSystems":true},"in2DMode":false,"pivot":{"x":693.141845703125,"y":522.7464599609375,"z":95.88226318359375},"rotation":{"x":0.2742621898651123,"y":0.0028873125556856395,"z":-0.0008102399879135191,"w":0.9616974592208862},"size":392.4528503417969,"orthographic":false}